{
  "hash": "a4c07a04",
  "configHash": "267f694f",
  "lockfileHash": "1b345bb3",
  "browserHash": "2211e7d9",
  "optimized": {
    "@angular/core": {
      "src": "../../../../../../node_modules/@angular/core/fesm2022/core.mjs",
      "file": "@angular_core.js",
      "fileHash": "fbabf0b0",
      "needsInterop": false
    },
    "@angular/platform-browser": {
      "src": "../../../../../../node_modules/@angular/platform-browser/fesm2022/platform-browser.mjs",
      "file": "@angular_platform-browser.js",
      "fileHash": "dacab35f",
      "needsInterop": false
    },
    "@angular/router": {
      "src": "../../../../../../node_modules/@angular/router/fesm2022/router.mjs",
      "file": "@angular_router.js",
      "fileHash": "0f62f443",
      "needsInterop": false
    }
  },
  "chunks": {
    "chunk-OYIAGWIJ": {
      "file": "chunk-OYIAGWIJ.js"
    },
    "chunk-KNRYTDUQ": {
      "file": "chunk-KNRYTDUQ.js"
    }
  }
}